{"cameraMode":{"drawMode":0,"name":"Shaded","section":"Shading Mode"},"sceneLighting":true,"audioPlay":false,"sceneViewState":{"showFog":true,"showMaterialUpdate":false,"showSkybox":true,"showFlares":true,"showImageEffects":true,"showParticleSystems":true},"in2DMode":false,"pivot":{"x":-15474.0859375,"y":-4339.93603515625,"z":12166.0517578125},"rotation":{"x":0.16185514628887177,"y":-0.42048409581184389,"z":0.07651542872190476,"w":0.8894630074501038},"size":7781.46044921875,"orthographic":false}